Session Started,Mon May 23 17:16:32 EEST 2022
Gpus Displayed,Mon May 23 17:16:39 EEST 2022
Gpus By Graphics RAM size:,Mon May 23 17:16:47 EEST 2022
Gaming Gpus:,Mon May 23 17:16:54 EEST 2022
Motherboards Displayed,Mon May 23 17:17:01 EEST 2022
Cpus Displayed,Mon May 23 17:17:08 EEST 2022
Cpus By Number of Cores Displayed,Mon May 23 17:17:40 EEST 2022
Cpus By Generation Displayed:,Mon May 23 17:17:51 EEST 2022
Smart Bands Displayed,Mon May 23 17:17:57 EEST 2022
Mice Displayed,Mon May 23 17:18:44 EEST 2022
Mice By Weight(g) Displayed,Mon May 23 17:18:46 EEST 2022
Session Ended,Mon May 23 17:18:57 EEST 2022
